{"is_source_file": true, "format": "JavaScript", "description": "This file manages a singleton PostgreSQL connection pool and provides a query interface for executing parameterized SQL queries.", "external_files": ["../config"], "external_methods": ["getConfig"], "published": ["getPool", "query"], "classes": [], "methods": [{"name": "getPool()", "description": "Returns a singleton PostgreSQL connection pool configured with the URL from configuration.", "scope": "", "scopeKind": ""}, {"name": "query(text, params)", "description": "Executes a parameterized SQL query using the connection pool.", "scope": "", "scopeKind": ""}], "calls": ["getConfig", "Pool", "pool.query"], "search-terms": ["PostgreSQL connection pool", "singleton pool", "pg Pool", "database connection", "query execution", "pool.js"], "state": 2, "file_id": 14, "knowledge_revision": 62, "git_revision": "", "revision_history": [{"47": ""}, {"62": ""}], "ctags": [{"_type": "tag", "name": "_pool", "path": "/home/kavia/workspace/code-generation/chess-mastery-platform-309890-309901/backend_express/src/db/pool.js", "pattern": "/^let _pool;$/", "language": "JavaScript", "kind": "variable"}, {"_type": "tag", "name": "getPool", "path": "/home/kavia/workspace/code-generation/chess-mastery-platform-309890-309901/backend_express/src/db/pool.js", "pattern": "/^function getPool() {$/", "language": "JavaScript", "kind": "function", "signature": "()"}, {"_type": "tag", "name": "getPool", "path": "/home/kavia/workspace/code-generation/chess-mastery-platform-309890-309901/backend_express/src/db/pool.js", "pattern": "/^module.exports = { getPool, query };$/", "language": "JavaScript", "kind": "field", "scope": "module.exports", "scopeKind": "class"}, {"_type": "tag", "name": "query", "path": "/home/kavia/workspace/code-generation/chess-mastery-platform-309890-309901/backend_express/src/db/pool.js", "pattern": "/^async function query(text, params) {$/", "language": "JavaScript", "kind": "function", "signature": "(text, params)"}], "hash": "0690a9fea07489757be4f15529967f43", "format-version": 4, "code-base-name": "backend_express", "filename": "backend_express/src/db/pool.js", "fields": [{"name": "let _pool;", "scope": "", "scopeKind": "", "description": "unavailable"}, {"name": "module.exports = { getPool, query };", "scope": "module.exports", "scopeKind": "class", "description": "unavailable"}]}