{"is_source_file": true, "format": "JavaScript", "description": "This file serves as an index or entry point for middleware modules in a Node.js Express application, currently acting as a placeholder for future middleware exports.", "external_files": [], "external_methods": [], "published": [], "classes": [], "methods": [], "calls": [], "search-terms": ["middleware", "index.js", "Node.js", "Express", "backend"], "state": 2, "file_id": 9, "knowledge_revision": 23, "git_revision": "6c1a3ea69b823fa96f4b3ca654bb2205b98dbe9a", "ctags": [], "hash": "e9169fe9b751451d433ec5c4d4734b4a", "format-version": 4, "code-base-name": "backend_express", "filename": "backend_express/src/middleware/index.js", "revision_history": [{"23": "6c1a3ea69b823fa96f4b3ca654bb2205b98dbe9a"}]}