{"is_source_file": false, "format": "", "description": "", "external_files": [], "external_methods": [], "published": [], "classes": [], "methods": [], "calls": [], "search-terms": [], "state": 2, "file_id": 2, "knowledge_revision": 15, "git_revision": "6c1a3ea69b823fa96f4b3ca654bb2205b98dbe9a", "hash": "9483450ea96c056ca5d32e968e351567", "format-version": 4, "code-base-name": "backend_express", "filename": "backend_express/package.json", "revision_history": [{"15": "6c1a3ea69b823fa96f4b3ca654bb2205b98dbe9a"}]}