{"is_source_file": false, "format": "", "description": "", "external_files": [], "external_methods": [], "published": [], "classes": [], "methods": [], "calls": [], "search-terms": [], "state": 2, "file_id": 11, "knowledge_revision": 24, "git_revision": "6c1a3ea69b823fa96f4b3ca654bb2205b98dbe9a", "ctags": [{"_type": "tag", "name": "ecmaVersion", "path": "/home/kavia/workspace/code-generation/chess-mastery-platform-309890-309901/backend_express/eslint.config.js", "pattern": "/^    ecmaVersion: 'latest',$/", "language": "JavaScript", "kind": "property", "scope": "jsConfig.languageOptions", "scopeKind": "class"}, {"_type": "tag", "name": "files", "path": "/home/kavia/workspace/code-generation/chess-mastery-platform-309890-309901/backend_express/eslint.config.js", "pattern": "/^  files: ['**\\/*.js'],$/", "language": "JavaScript", "kind": "property", "scope": "jsConfig", "scopeKind": "class"}, {"_type": "tag", "name": "ignoreConfig", "path": "/home/kavia/workspace/code-generation/chess-mastery-platform-309890-309901/backend_express/eslint.config.js", "pattern": "/^const ignoreConfig = {$/", "language": "JavaScript", "kind": "class"}, {"_type": "tag", "name": "ignores", "path": "/home/kavia/workspace/code-generation/chess-mastery-platform-309890-309901/backend_express/eslint.config.js", "pattern": "/^  ignores: ['node_modules\\/**'],$/", "language": "JavaScript", "kind": "property", "scope": "ignoreConfig", "scopeKind": "class"}, {"_type": "tag", "name": "jsConfig", "path": "/home/kavia/workspace/code-generation/chess-mastery-platform-309890-309901/backend_express/eslint.config.js", "pattern": "/^const jsConfig = {$/", "language": "JavaScript", "kind": "class"}, {"_type": "tag", "name": "languageOptions", "path": "/home/kavia/workspace/code-generation/chess-mastery-platform-309890-309901/backend_express/eslint.config.js", "pattern": "/^  languageOptions: {$/", "language": "JavaScript", "kind": "class", "scope": "jsConfig", "scopeKind": "class"}, {"_type": "tag", "name": "quotes", "path": "/home/kavia/workspace/code-generation/chess-mastery-platform-309890-309901/backend_express/eslint.config.js", "pattern": "/^    quotes: ['error', 'single'],$/", "language": "JavaScript", "kind": "property", "scope": "jsConfig.rules", "scopeKind": "class"}, {"_type": "tag", "name": "rules", "path": "/home/kavia/workspace/code-generation/chess-mastery-platform-309890-309901/backend_express/eslint.config.js", "pattern": "/^  rules: {$/", "language": "JavaScript", "kind": "class", "scope": "jsConfig", "scopeKind": "class"}, {"_type": "tag", "name": "semi", "path": "/home/kavia/workspace/code-generation/chess-mastery-platform-309890-309901/backend_express/eslint.config.js", "pattern": "/^    semi: ['error', 'always'],$/", "language": "JavaScript", "kind": "property", "scope": "jsConfig.rules", "scopeKind": "class"}, {"_type": "tag", "name": "sourceType", "path": "/home/kavia/workspace/code-generation/chess-mastery-platform-309890-309901/backend_express/eslint.config.js", "pattern": "/^    sourceType: 'commonjs',$/", "language": "JavaScript", "kind": "property", "scope": "jsConfig.languageOptions", "scopeKind": "class"}], "hash": "e39182a200aec9a1bdb18f2bee8fb0a0", "format-version": 4, "code-base-name": "backend_express", "filename": "backend_express/eslint.config.js", "fields": [{"name": "ecmaVersion: 'latest',", "scope": "jsConfig.languageOptions", "scopeKind": "class", "description": "unavailable"}, {"name": "files: ['**\\/*.js'],", "scope": "jsConfig", "scopeKind": "class", "description": "unavailable"}, {"name": "ignores: ['node_modules\\/**'],", "scope": "ignoreConfig", "scopeKind": "class", "description": "unavailable"}, {"name": "quotes: ['error', 'single'],", "scope": "jsConfig.rules", "scopeKind": "class", "description": "unavailable"}, {"name": "semi: ['error', 'always'],", "scope": "jsConfig.rules", "scopeKind": "class", "description": "unavailable"}, {"name": "sourceType: 'commonjs',", "scope": "jsConfig.languageOptions", "scopeKind": "class", "description": "unavailable"}], "revision_history": [{"24": "6c1a3ea69b823fa96f4b3ca654bb2205b98dbe9a"}]}