{"is_source_file": true, "format": "JavaScript", "description": "This file sets up Swagger documentation for an Express API using swagger-jsdoc. It defines API info and references route files for API documentation generation.", "external_files": ["./src/routes/*.js"], "external_methods": ["require('swagger-jsdoc')"], "published": ["swaggerSpec"], "classes": [], "methods": [{"name": "swaggerJSDoc", "description": "Function imported from 'swagger-jsdoc' for generating Swagger specification based on provided options"}], "calls": ["swaggerJSDoc(options)"], "search-terms": ["swagger", "swagger-jsdoc", "API documentation", "OpenAPI"], "state": 2, "file_id": 12, "knowledge_revision": 25, "git_revision": "6c1a3ea69b823fa96f4b3ca654bb2205b98dbe9a", "ctags": [{"_type": "tag", "name": "apis", "path": "/home/kavia/workspace/code-generation/chess-mastery-platform-309890-309901/backend_express/swagger.js", "pattern": "/^  apis: ['.\\/src\\/routes\\/*.js'], \\/\\/ Path to the API docs$/", "language": "JavaScript", "kind": "property", "scope": "options", "scopeKind": "class"}, {"_type": "tag", "name": "definition", "path": "/home/kavia/workspace/code-generation/chess-mastery-platform-309890-309901/backend_express/swagger.js", "pattern": "/^  definition: {$/", "language": "JavaScript", "kind": "class", "scope": "options", "scopeKind": "class"}, {"_type": "tag", "name": "description", "path": "/home/kavia/workspace/code-generation/chess-mastery-platform-309890-309901/backend_express/swagger.js", "pattern": "/^      description: 'A simple Express API documented with Swagger',$/", "language": "JavaScript", "kind": "property", "scope": "options.definition.info", "scopeKind": "class"}, {"_type": "tag", "name": "info", "path": "/home/kavia/workspace/code-generation/chess-mastery-platform-309890-309901/backend_express/swagger.js", "pattern": "/^    info: {$/", "language": "JavaScript", "kind": "class", "scope": "options.definition", "scopeKind": "class"}, {"_type": "tag", "name": "openapi", "path": "/home/kavia/workspace/code-generation/chess-mastery-platform-309890-309901/backend_express/swagger.js", "pattern": "/^    openapi: '3.0.0',$/", "language": "JavaScript", "kind": "property", "scope": "options.definition", "scopeKind": "class"}, {"_type": "tag", "name": "options", "path": "/home/kavia/workspace/code-generation/chess-mastery-platform-309890-309901/backend_express/swagger.js", "pattern": "/^const options = {$/", "language": "JavaScript", "kind": "class"}, {"_type": "tag", "name": "swaggerJSDoc", "path": "/home/kavia/workspace/code-generation/chess-mastery-platform-309890-309901/backend_express/swagger.js", "pattern": "/^const swaggerJSDoc = require('swagger-jsdoc');$/", "language": "JavaScript", "kind": "constant"}, {"_type": "tag", "name": "swaggerSpec", "path": "/home/kavia/workspace/code-generation/chess-mastery-platform-309890-309901/backend_express/swagger.js", "pattern": "/^const swaggerSpec = swaggerJSDoc(options);$/", "language": "JavaScript", "kind": "constant"}, {"_type": "tag", "name": "title", "path": "/home/kavia/workspace/code-generation/chess-mastery-platform-309890-309901/backend_express/swagger.js", "pattern": "/^      title: 'My Express API',$/", "language": "JavaScript", "kind": "property", "scope": "options.definition.info", "scopeKind": "class"}, {"_type": "tag", "name": "version", "path": "/home/kavia/workspace/code-generation/chess-mastery-platform-309890-309901/backend_express/swagger.js", "pattern": "/^      version: '1.0.0',$/", "language": "JavaScript", "kind": "property", "scope": "options.definition.info", "scopeKind": "class"}], "hash": "5ce111636df545f8efe5c6c246a819cd", "format-version": 4, "code-base-name": "backend_express", "filename": "backend_express/swagger.js", "fields": [{"name": "apis: ['.\\/src\\/routes\\/*.js'], \\/\\/ Path to the API docs", "scope": "options", "scopeKind": "class", "description": "unavailable"}, {"name": "description: 'A simple Express API documented with Swagger',", "scope": "options.definition.info", "scopeKind": "class", "description": "unavailable"}, {"name": "openapi: '3.0.0',", "scope": "options.definition", "scopeKind": "class", "description": "unavailable"}, {"name": "title: 'My Express API',", "scope": "options.definition.info", "scopeKind": "class", "description": "unavailable"}, {"name": "version: '1.0.0',", "scope": "options.definition.info", "scopeKind": "class", "description": "unavailable"}], "revision_history": [{"25": "6c1a3ea69b823fa96f4b3ca654bb2205b98dbe9a"}]}