{"is_source_file": true, "format": "JavaScript", "description": "This file initializes and configures an Express.js server for a web application. It sets up middleware for CORS, cookie parsing, sessions, Swagger documentation, route mounting, and error handling.", "external_files": ["./routes", "../swagger", "./config", "./middleware/session"], "external_methods": ["getConfig", "buildSessionMiddleware"], "published": ["app"], "classes": [], "methods": [{"name": "app.use", "description": "Adds middleware functions for handling CORS, cookies, sessions, Swagger docs, route mounting, and errors."}, {"name": "app.set", "description": "Sets server configuration, e.g., 'trust proxy'."}, {"name": "swaggerUi.setup", "description": "Sets up Swagger UI with dynamically generated server URL."}], "calls": ["require", "getConfig", "buildSessionMiddleware", "cors", "cookieParser", "swaggerUi.serve", "swaggerUi.setup", "app.use", "console.error"], "search-terms": ["Express app setup", "CORS configuration", "Swagger UI server", "middleware", "session middleware", "routes mounting", "error handling"], "state": 2, "file_id": 10, "knowledge_revision": 61, "git_revision": "6c1a3ea69b823fa96f4b3ca654bb2205b98dbe9a", "revision_history": [{"22": "6c1a3ea69b823fa96f4b3ca654bb2205b98dbe9a"}, {"44": "6c1a3ea69b823fa96f4b3ca654bb2205b98dbe9a"}, {"61": "6c1a3ea69b823fa96f4b3ca654bb2205b98dbe9a"}], "ctags": [{"_type": "tag", "name": "app", "path": "/home/kavia/workspace/code-generation/chess-mastery-platform-309890-309901/backend_express/src/app.js", "pattern": "/^const app = express();$/", "language": "JavaScript", "kind": "constant"}, {"_type": "tag", "name": "cfg", "path": "/home/kavia/workspace/code-generation/chess-mastery-platform-309890-309901/backend_express/src/app.js", "pattern": "/^const cfg = getConfig();$/", "language": "JavaScript", "kind": "constant"}, {"_type": "tag", "name": "cookieParser", "path": "/home/kavia/workspace/code-generation/chess-mastery-platform-309890-309901/backend_express/src/app.js", "pattern": "/^const cookieParser = require('cookie-parser');$/", "language": "JavaScript", "kind": "constant"}, {"_type": "tag", "name": "cors", "path": "/home/kavia/workspace/code-generation/chess-mastery-platform-309890-309901/backend_express/src/app.js", "pattern": "/^const cors = require('cors');$/", "language": "JavaScript", "kind": "constant"}, {"_type": "tag", "name": "express", "path": "/home/kavia/workspace/code-generation/chess-mastery-platform-309890-309901/backend_express/src/app.js", "pattern": "/^const express = require('express');$/", "language": "JavaScript", "kind": "constant"}, {"_type": "tag", "name": "routes", "path": "/home/kavia/workspace/code-generation/chess-mastery-platform-309890-309901/backend_express/src/app.js", "pattern": "/^const routes = require('.\\/routes');$/", "language": "JavaScript", "kind": "constant"}, {"_type": "tag", "name": "swaggerSpec", "path": "/home/kavia/workspace/code-generation/chess-mastery-platform-309890-309901/backend_express/src/app.js", "pattern": "/^const swaggerSpec = require('..\\/swagger');$/", "language": "JavaScript", "kind": "constant"}, {"_type": "tag", "name": "swaggerUi", "path": "/home/kavia/workspace/code-generation/chess-mastery-platform-309890-309901/backend_express/src/app.js", "pattern": "/^const swaggerUi = require('swagger-ui-express');$/", "language": "JavaScript", "kind": "constant"}], "hash": "d57674160757c3e4c7515007e0f250bb", "format-version": 4, "code-base-name": "backend_express", "filename": "backend_express/src/app.js"}