{"is_source_file": false, "format": "", "description": "", "external_files": [], "external_methods": [], "published": [], "classes": [], "methods": [], "calls": [], "search-terms": [], "state": 2, "file_id": 2, "knowledge_revision": 26, "git_revision": "6c1a3ea69b823fa96f4b3ca654bb2205b98dbe9a", "hash": "07969f68482887d7691abe837d1fd442", "format-version": 4, "code-base-name": "backend_express", "filename": "backend_express/package.json", "revision_history": [{"26": "6c1a3ea69b823fa96f4b3ca654bb2205b98dbe9a"}]}