{"is_source_file": true, "format": "JavaScript", "description": "This file provides authentication utility functions such as password hashing, verification, and JWT token signing/verification for the backend portion of the application.", "external_files": ["../config"], "external_methods": ["getConfig"], "published": ["hashPassword", "verifyPassword", "signJwt", "verifyJwt"], "classes": [], "methods": [{"name": "hashPassword(password)", "description": "Hashes a plaintext password using bcrypt.", "scope": "", "scopeKind": ""}, {"name": "verifyPassword(password, passwordHash)", "description": "Verifies plaintext password against stored bcrypt hash.", "scope": "", "scopeKind": ""}, {"name": "signJwt(payload, options = {})", "description": "Signs a JWT for the given payload with optional parameters.", "scope": "", "scopeKind": ""}, {"name": "verifyJwt(token)", "description": "Verifies a JWT and returns its decoded payload, throws on failure.", "scope": "", "scopeKind": ""}], "calls": ["bcrypt.hash", "bcrypt.compare", "jwt.sign", "jwt.verify", "getConfig"], "search-terms": ["auth.js", "JWT", "bcrypt", "password hashing", "JWT signing", "JWT verification", "auth utility functions"], "state": 2, "file_id": 15, "knowledge_revision": 48, "git_revision": "", "ctags": [{"_type": "tag", "name": "SALT_ROUNDS", "path": "/home/kavia/workspace/code-generation/chess-mastery-platform-309890-309901/backend_express/src/auth/auth.js", "pattern": "/^const SALT_ROUNDS = 12;$/", "language": "JavaScript", "kind": "constant"}, {"_type": "tag", "name": "bcrypt", "path": "/home/kavia/workspace/code-generation/chess-mastery-platform-309890-309901/backend_express/src/auth/auth.js", "pattern": "/^const bcrypt = require('bcrypt');$/", "language": "JavaScript", "kind": "constant"}, {"_type": "tag", "name": "hashPassword", "path": "/home/kavia/workspace/code-generation/chess-mastery-platform-309890-309901/backend_express/src/auth/auth.js", "pattern": "/^async function hashPassword(password) {$/", "language": "JavaScript", "kind": "function", "signature": "(password)"}, {"_type": "tag", "name": "hashPassword", "path": "/home/kavia/workspace/code-generation/chess-mastery-platform-309890-309901/backend_express/src/auth/auth.js", "pattern": "/^module.exports = { hashPassword, verifyPassword, signJwt, verifyJwt };$/", "language": "JavaScript", "kind": "field", "scope": "module.exports", "scopeKind": "class"}, {"_type": "tag", "name": "jwt", "path": "/home/kavia/workspace/code-generation/chess-mastery-platform-309890-309901/backend_express/src/auth/auth.js", "pattern": "/^const jwt = require('jsonwebtoken');$/", "language": "JavaScript", "kind": "constant"}, {"_type": "tag", "name": "signJwt", "path": "/home/kavia/workspace/code-generation/chess-mastery-platform-309890-309901/backend_express/src/auth/auth.js", "pattern": "/^function signJwt(payload, options = {}) {$/", "language": "JavaScript", "kind": "function", "signature": "(payload, options = {})"}, {"_type": "tag", "name": "verifyJwt", "path": "/home/kavia/workspace/code-generation/chess-mastery-platform-309890-309901/backend_express/src/auth/auth.js", "pattern": "/^function verifyJwt(token) {$/", "language": "JavaScript", "kind": "function", "signature": "(token)"}, {"_type": "tag", "name": "verifyPassword", "path": "/home/kavia/workspace/code-generation/chess-mastery-platform-309890-309901/backend_express/src/auth/auth.js", "pattern": "/^async function verifyPassword(password, passwordHash) {$/", "language": "JavaScript", "kind": "function", "signature": "(password, passwordHash)"}], "hash": "5c0f3f44c08175d7940f1b29dd1b657a", "format-version": 4, "code-base-name": "backend_express", "filename": "backend_express/src/auth/auth.js", "fields": [{"name": "module.exports = { hashPassword, verifyPassword, signJwt, verifyJwt };", "scope": "module.exports", "scopeKind": "class", "description": "unavailable"}], "revision_history": [{"48": ""}]}