{"is_source_file": true, "format": "JavaScript (Node.js)", "description": "This file sets up an Express.js web server, configuring middleware for CORS, cookie parsing, session management, Swagger documentation, and route handling, along with error handling.", "external_files": ["./routes", "../swagger", "./config", "./middleware/session"], "external_methods": ["getConfig", "buildSessionMiddleware"], "published": ["app"], "classes": [], "methods": [{"name": "app.use", "description": "Registers middleware functions for handling requests at specific paths or globally."}, {"name": "swaggerUi.setup", "description": "Prepares Swagger UI with the provided Swagger specification for API documentation."}], "calls": ["require('cors')", "require('express')", "require('cookie-parser')", "require('./routes')", "require('../swagger')", "require('./config')", "require('./middleware/session')", "app.set", "app.use", "res.status", "res.json", "console.error", "module.exports"], "search-terms": ["swaggerUi setup", "trust proxy configuration", "CORS middleware", "session middleware", "Swagger documentation route", "Express app configuration"], "state": 2, "file_id": 10, "knowledge_revision": 67, "git_revision": "a73f0c6fde913bd675071cf0380cb5256d955c43", "revision_history": [{"22": "6c1a3ea69b823fa96f4b3ca654bb2205b98dbe9a"}, {"44": "6c1a3ea69b823fa96f4b3ca654bb2205b98dbe9a"}, {"61": "6c1a3ea69b823fa96f4b3ca654bb2205b98dbe9a"}, {"67": "a73f0c6fde913bd675071cf0380cb5256d955c43"}], "ctags": [{"_type": "tag", "name": "app", "path": "/home/kavia/workspace/code-generation/chess-mastery-platform-309890-309901/backend_express/src/app.js", "pattern": "/^const app = express();$/", "language": "JavaScript", "kind": "constant"}, {"_type": "tag", "name": "cfg", "path": "/home/kavia/workspace/code-generation/chess-mastery-platform-309890-309901/backend_express/src/app.js", "pattern": "/^const cfg = getConfig();$/", "language": "JavaScript", "kind": "constant"}, {"_type": "tag", "name": "cookieParser", "path": "/home/kavia/workspace/code-generation/chess-mastery-platform-309890-309901/backend_express/src/app.js", "pattern": "/^const cookieParser = require('cookie-parser');$/", "language": "JavaScript", "kind": "constant"}, {"_type": "tag", "name": "cors", "path": "/home/kavia/workspace/code-generation/chess-mastery-platform-309890-309901/backend_express/src/app.js", "pattern": "/^const cors = require('cors');$/", "language": "JavaScript", "kind": "constant"}, {"_type": "tag", "name": "express", "path": "/home/kavia/workspace/code-generation/chess-mastery-platform-309890-309901/backend_express/src/app.js", "pattern": "/^const express = require('express');$/", "language": "JavaScript", "kind": "constant"}, {"_type": "tag", "name": "routes", "path": "/home/kavia/workspace/code-generation/chess-mastery-platform-309890-309901/backend_express/src/app.js", "pattern": "/^const routes = require('.\\/routes');$/", "language": "JavaScript", "kind": "constant"}, {"_type": "tag", "name": "swaggerSpec", "path": "/home/kavia/workspace/code-generation/chess-mastery-platform-309890-309901/backend_express/src/app.js", "pattern": "/^const swaggerSpec = require('..\\/swagger');$/", "language": "JavaScript", "kind": "constant"}, {"_type": "tag", "name": "swaggerUi", "path": "/home/kavia/workspace/code-generation/chess-mastery-platform-309890-309901/backend_express/src/app.js", "pattern": "/^const swaggerUi = require('swagger-ui-express');$/", "language": "JavaScript", "kind": "constant"}, {"_type": "tag", "name": "trustProxyEnv", "path": "/home/kavia/workspace/code-generation/chess-mastery-platform-309890-309901/backend_express/src/app.js", "pattern": "/^const trustProxyEnv = (process.env.TRUST_PROXY || 'true').toLowerCase();$/", "language": "JavaScript", "kind": "constant"}], "hash": "7d88c8859593b7665f7fd0961f0e5998", "format-version": 4, "code-base-name": "backend_express", "filename": "backend_express/src/app.js"}