{"is_source_file": true, "format": "JavaScript", "description": "This file defines a middleware function for session management in an Express.js application which uses PostgreSQL as the session store via connect-pg-simple. It configures session parameters such as cookie options and interacts with a database pool and configuration module.", "external_files": ["../db/pool", "../config"], "external_methods": ["getPool", "getConfig"], "published": ["buildSessionMiddleware"], "classes": [], "methods": [{"name": "buildSessionMiddleware()", "description": "Builds an Express.js session middleware using PostgreSQL for session storage, utilizing configuration and database pool modules.", "scope": "", "scopeKind": ""}], "calls": ["require('express-session')", "require('connect-pg-simple')(session)", "getPool()", "getConfig()", "session()"], "search-terms": ["express session middleware", "connect-pg-simple", "PostgreSQL session store", "session middleware setup", "session configuration"], "state": 2, "file_id": 17, "knowledge_revision": 50, "git_revision": "", "ctags": [{"_type": "tag", "name": "PgSession", "path": "/home/kavia/workspace/code-generation/chess-mastery-platform-309890-309901/backend_express/src/middleware/session.js", "pattern": "/^const PgSession = require('connect-pg-simple')(session);$/", "language": "JavaScript", "kind": "constant"}, {"_type": "tag", "name": "buildSessionMiddleware", "path": "/home/kavia/workspace/code-generation/chess-mastery-platform-309890-309901/backend_express/src/middleware/session.js", "pattern": "/^function buildSessionMiddleware() {$/", "language": "JavaScript", "kind": "function", "signature": "()"}, {"_type": "tag", "name": "buildSessionMiddleware", "path": "/home/kavia/workspace/code-generation/chess-mastery-platform-309890-309901/backend_express/src/middleware/session.js", "pattern": "/^module.exports = { buildSessionMiddleware };$/", "language": "JavaScript", "kind": "field", "scope": "module.exports", "scopeKind": "class"}, {"_type": "tag", "name": "session", "path": "/home/kavia/workspace/code-generation/chess-mastery-platform-309890-309901/backend_express/src/middleware/session.js", "pattern": "/^const session = require('express-session');$/", "language": "JavaScript", "kind": "constant"}], "hash": "cc5ae10fcdc9f753dd2904e19343078f", "format-version": 4, "code-base-name": "backend_express", "filename": "backend_express/src/middleware/session.js", "fields": [{"name": "module.exports = { buildSessionMiddleware };", "scope": "module.exports", "scopeKind": "class", "description": "unavailable"}], "revision_history": [{"50": ""}]}