{"is_source_file": true, "format": "JavaScript", "description": "This file defines a HealthService class with a getStatus method that reports the health status of the service, including environment information and timestamp.", "external_files": ["module.exports"], "external_methods": ["Date.prototype.toISOString", "process.env.NODE_ENV"], "published": ["HealthService"], "classes": [{"name": "HealthService", "description": "A class providing health check functionality for the service, primarily used to indicate if the service is operational."}], "methods": [{"name": "getStatus()", "description": "Returns an object containing service status, message, timestamp, and environment information.", "scope": "HealthService", "scopeKind": "class"}], "calls": ["new Date().toISOString()", "process.env.NODE_ENV"], "search-terms": ["HealthService", "getStatus", "service health", "status check"], "state": 2, "file_id": 6, "knowledge_revision": 17, "git_revision": "6c1a3ea69b823fa96f4b3ca654bb2205b98dbe9a", "ctags": [{"_type": "tag", "name": "HealthService", "path": "/home/kavia/workspace/code-generation/chess-mastery-platform-309890-309901/backend_express/src/services/health.js", "pattern": "/^class HealthService {$/", "language": "JavaScript", "kind": "class"}, {"_type": "tag", "name": "exports", "path": "/home/kavia/workspace/code-generation/chess-mastery-platform-309890-309901/backend_express/src/services/health.js", "pattern": "/^module.exports = new HealthService();$/", "language": "JavaScript", "kind": "variable", "scope": "module", "scopeKind": "class"}, {"_type": "tag", "name": "getStatus", "path": "/home/kavia/workspace/code-generation/chess-mastery-platform-309890-309901/backend_express/src/services/health.js", "pattern": "/^    getStatus() {$/", "language": "JavaScript", "kind": "method", "signature": "()", "scope": "HealthService", "scopeKind": "class"}], "hash": "dcfa21416da8734d1481f1ce9d7ffe4c", "format-version": 4, "code-base-name": "backend_express", "filename": "backend_express/src/services/health.js", "fields": [{"name": "module.exports = new HealthService();", "scope": "module", "scopeKind": "class", "description": "unavailable"}], "revision_history": [{"17": "6c1a3ea69b823fa96f4b3ca654bb2205b98dbe9a"}]}