{"is_source_file": true, "format": "JavaScript", "description": "This file defines Express.js routes for a chess platform backend, including endpoints for health checks, user authentication, profile management, matchmaking, game operations, chat, leaderboards, and user game history. It sets up route handlers, Swagger documentation annotations, and schema validations using zod.", "external_files": ["../controllers/health", "../controllers/auth", "../controllers/matchmaking", "../controllers/games", "../controllers/chat", "../controllers/leaderboards", "../controllers/history", "../middleware/auth", "../http/validate"], "external_methods": ["healthController.check", "authController.register", "authController.login", "authController.me", "authController.updateProfile", "matchmakingController.join", "matchmakingController.leave", "matchmakingController.status", "gamesController.getGame", "gamesController.getMoves", "gamesController.submitMove", "gamesController.resign", "gamesController.draw", "chatController.list", "chatController.send", "leaderboardsController.top", "leaderboardsController.recent", "historyController.myGames"], "published": ["router"], "classes": [], "methods": [{"name": "router.get", "description": "Defines a GET route for the specified path, associating it with a controller method."}, {"name": "router.post", "description": "Defines a POST route for the specified path, associating it with a controller method."}, {"name": "router.put", "description": "Defines a PUT route for the specified path, associating it with a controller method."}], "calls": ["express.Router()", "healthController.check", "authController.register", "authController.login", "authController.me", "authController.updateProfile", "matchmakingController.join", "matchmakingController.leave", "matchmakingController.status", "gamesController.getGame", "gamesController.getMoves", "gamesController.submitMove", "gamesController.resign", "gamesController.draw", "chatController.list", "chatController.send", "leaderboardsController.top", "leaderboardsController.recent", "historyController.myGames"], "search-terms": ["Express route definitions", "Swagger annotations", "Chess platform backend", "matchmaking", "game moves", "user profiles", "chat messages", "leaderboards", "history", "JWT authentication"], "state": 2, "file_id": 8, "knowledge_revision": 42, "git_revision": "6c1a3ea69b823fa96f4b3ca654bb2205b98dbe9a", "revision_history": [{"20": "6c1a3ea69b823fa96f4b3ca654bb2205b98dbe9a"}, {"42": "6c1a3ea69b823fa96f4b3ca654bb2205b98dbe9a"}], "ctags": [{"_type": "tag", "name": "authController", "path": "/home/kavia/workspace/code-generation/chess-mastery-platform-309890-309901/backend_express/src/routes/index.js", "pattern": "/^const authController = require('..\\/controllers\\/auth');$/", "language": "JavaScript", "kind": "constant"}, {"_type": "tag", "name": "chatController", "path": "/home/kavia/workspace/code-generation/chess-mastery-platform-309890-309901/backend_express/src/routes/index.js", "pattern": "/^const chatController = require('..\\/controllers\\/chat');$/", "language": "JavaScript", "kind": "constant"}, {"_type": "tag", "name": "express", "path": "/home/kavia/workspace/code-generation/chess-mastery-platform-309890-309901/backend_express/src/routes/index.js", "pattern": "/^const express = require('express');$/", "language": "JavaScript", "kind": "constant"}, {"_type": "tag", "name": "gamesController", "path": "/home/kavia/workspace/code-generation/chess-mastery-platform-309890-309901/backend_express/src/routes/index.js", "pattern": "/^const gamesController = require('..\\/controllers\\/games');$/", "language": "JavaScript", "kind": "constant"}, {"_type": "tag", "name": "healthController", "path": "/home/kavia/workspace/code-generation/chess-mastery-platform-309890-309901/backend_express/src/routes/index.js", "pattern": "/^const healthController = require('..\\/controllers\\/health');$/", "language": "JavaScript", "kind": "constant"}, {"_type": "tag", "name": "historyController", "path": "/home/kavia/workspace/code-generation/chess-mastery-platform-309890-309901/backend_express/src/routes/index.js", "pattern": "/^const historyController = require('..\\/controllers\\/history');$/", "language": "JavaScript", "kind": "constant"}, {"_type": "tag", "name": "leaderboardsController", "path": "/home/kavia/workspace/code-generation/chess-mastery-platform-309890-309901/backend_express/src/routes/index.js", "pattern": "/^const leaderboardsController = require('..\\/controllers\\/leaderboards');$/", "language": "JavaScript", "kind": "constant"}, {"_type": "tag", "name": "loginSchema", "path": "/home/kavia/workspace/code-generation/chess-mastery-platform-309890-309901/backend_express/src/routes/index.js", "pattern": "/^const loginSchema = z.object({$/", "language": "JavaScript", "kind": "constant"}, {"_type": "tag", "name": "matchmakingController", "path": "/home/kavia/workspace/code-generation/chess-mastery-platform-309890-309901/backend_express/src/routes/index.js", "pattern": "/^const matchmakingController = require('..\\/controllers\\/matchmaking');$/", "language": "JavaScript", "kind": "constant"}, {"_type": "tag", "name": "registerSchema", "path": "/home/kavia/workspace/code-generation/chess-mastery-platform-309890-309901/backend_express/src/routes/index.js", "pattern": "/^const registerSchema = z.object({$/", "language": "JavaScript", "kind": "constant"}, {"_type": "tag", "name": "router", "path": "/home/kavia/workspace/code-generation/chess-mastery-platform-309890-309901/backend_express/src/routes/index.js", "pattern": "/^const router = express.Router();$/", "language": "JavaScript", "kind": "constant"}, {"_type": "tag", "name": "sendChatSchema", "path": "/home/kavia/workspace/code-generation/chess-mastery-platform-309890-309901/backend_express/src/routes/index.js", "pattern": "/^const sendChatSchema = z.object({$/", "language": "JavaScript", "kind": "constant"}, {"_type": "tag", "name": "submitMoveSchema", "path": "/home/kavia/workspace/code-generation/chess-mastery-platform-309890-309901/backend_express/src/routes/index.js", "pattern": "/^const submitMoveSchema = z.object({$/", "language": "JavaScript", "kind": "constant"}, {"_type": "tag", "name": "updateProfileSchema", "path": "/home/kavia/workspace/code-generation/chess-mastery-platform-309890-309901/backend_express/src/routes/index.js", "pattern": "/^const updateProfileSchema = z.object({$/", "language": "JavaScript", "kind": "constant"}], "hash": "1c0780077b16aba90fe9cb8ee1c9ea91", "format-version": 4, "code-base-name": "backend_express", "filename": "backend_express/src/routes/index.js"}