{"is_source_file": true, "format": "JavaScript", "description": "This file defines a controller class 'HealthController' that handles health check requests by invoking a health service and returning its status as a JSON response.", "external_files": ["../services/health"], "external_methods": ["healthService.getStatus"], "published": [], "classes": [{"name": "HealthController", "description": "Controller class responsible for handling health check endpoints."}], "methods": [{"name": "check(req, res)", "description": "Handles incoming health check requests, retrieves system health status from the health service, and responds with JSON.", "scope": "HealthController", "scopeKind": "class"}], "calls": ["healthService.getStatus", "res.status", "res.json"], "search-terms": ["HealthController", "healthService", "check", "health"], "state": 2, "file_id": 7, "knowledge_revision": 21, "git_revision": "6c1a3ea69b823fa96f4b3ca654bb2205b98dbe9a", "ctags": [{"_type": "tag", "name": "HealthController", "path": "/home/kavia/workspace/code-generation/chess-mastery-platform-309890-309901/backend_express/src/controllers/health.js", "pattern": "/^class HealthController {$/", "language": "JavaScript", "kind": "class"}, {"_type": "tag", "name": "check", "path": "/home/kavia/workspace/code-generation/chess-mastery-platform-309890-309901/backend_express/src/controllers/health.js", "pattern": "/^  check(req, res) {$/", "language": "JavaScript", "kind": "method", "signature": "(req, res)", "scope": "HealthController", "scopeKind": "class"}, {"_type": "tag", "name": "exports", "path": "/home/kavia/workspace/code-generation/chess-mastery-platform-309890-309901/backend_express/src/controllers/health.js", "pattern": "/^module.exports = new HealthController();$/", "language": "JavaScript", "kind": "variable", "scope": "module", "scopeKind": "class"}, {"_type": "tag", "name": "healthService", "path": "/home/kavia/workspace/code-generation/chess-mastery-platform-309890-309901/backend_express/src/controllers/health.js", "pattern": "/^const healthService = require('..\\/services\\/health');$/", "language": "JavaScript", "kind": "constant"}], "hash": "05c26663041fbc83dd60748f0bc705da", "format-version": 4, "code-base-name": "backend_express", "filename": "backend_express/src/controllers/health.js", "fields": [{"name": "module.exports = new HealthController();", "scope": "module", "scopeKind": "class", "description": "unavailable"}], "revision_history": [{"21": "6c1a3ea69b823fa96f4b3ca654bb2205b98dbe9a"}]}