{"is_source_file": true, "format": "JavaScript", "description": "This file defines a configuration module for a Node.js backend application, retrieving runtime environment variables such as database connection info, port, host, CORS origins, and WebSocket path, and exporting a function to obtain this configuration.", "external_files": ["assert"], "external_methods": ["assert"], "published": ["getConfig"], "classes": [], "methods": [{"name": "getConfig()", "description": "Returns runtime configuration derived from environment variables, with defaults and validation.", "scope": "", "scopeKind": ""}], "calls": ["assert", "process.env.POSTGRES_URL", "process.env.JWT_SECRET", "process.env.CORS_ORIGINS", "process.env.WS_PATH", "process.env.PORT", "process.env.HOST", "process.env.NODE_ENV", "process.env.SESSION_TTL_DAYS"], "search-terms": ["config", "environment variables", "POSTGRES_URL", "JWT_SECRET", "sessionTtlDays", "CORS_ORIGINS", "wsPath"], "state": 2, "file_id": 13, "knowledge_revision": 46, "git_revision": "", "ctags": [{"_type": "tag", "name": "assert", "path": "/home/kavia/workspace/code-generation/chess-mastery-platform-309890-309901/backend_express/src/config.js", "pattern": "/^const assert = require('assert');$/", "language": "JavaScript", "kind": "constant"}, {"_type": "tag", "name": "getConfig", "path": "/home/kavia/workspace/code-generation/chess-mastery-platform-309890-309901/backend_express/src/config.js", "pattern": "/^function getConfig() {$/", "language": "JavaScript", "kind": "function", "signature": "()"}, {"_type": "tag", "name": "getConfig", "path": "/home/kavia/workspace/code-generation/chess-mastery-platform-309890-309901/backend_express/src/config.js", "pattern": "/^module.exports = { getConfig };$/", "language": "JavaScript", "kind": "field", "scope": "module.exports", "scopeKind": "class"}], "hash": "cc50024d7c100fbfd931c2f7eded00a8", "format-version": 4, "code-base-name": "backend_express", "filename": "backend_express/src/config.js", "fields": [{"name": "module.exports = { getConfig };", "scope": "module.exports", "scopeKind": "class", "description": "unavailable"}], "revision_history": [{"46": ""}]}