{"is_source_file": true, "format": "JavaScript", "description": "This file configures and generates Swagger API documentation for the Chess Mastery Platform backend using swagger-jsdoc. It defines API info, associates route files, and includes WebSocket configuration details.", "external_files": ["./src/config"], "external_methods": ["getConfig"], "published": ["swaggerSpec"], "classes": [], "methods": [{"name": "getConfig", "description": "Retrieves the configuration object, possibly environment-specific, with fallback."}], "calls": ["require('swagger-jsdoc')", "require('./src/config')", "getConfig()"], "search-terms": ["swagger-jsdoc", "swaggerSpec", "OpenAPI", "API documentation", "WebSocket configuration", "Express API"], "state": 2, "file_id": 12, "knowledge_revision": 43, "git_revision": "6c1a3ea69b823fa96f4b3ca654bb2205b98dbe9a", "revision_history": [{"25": "6c1a3ea69b823fa96f4b3ca654bb2205b98dbe9a"}, {"43": "6c1a3ea69b823fa96f4b3ca654bb2205b98dbe9a"}], "ctags": [{"_type": "tag", "name": "apis", "path": "/home/kavia/workspace/code-generation/chess-mastery-platform-309890-309901/backend_express/swagger.js", "pattern": "/^  apis: ['.\\/src\\/routes\\/*.js'],$/", "language": "JavaScript", "kind": "property", "scope": "options", "scopeKind": "class"}, {"_type": "tag", "name": "cfg", "path": "/home/kavia/workspace/code-generation/chess-mastery-platform-309890-309901/backend_express/swagger.js", "pattern": "/^const cfg = (() => {$/", "language": "JavaScript", "kind": "constant"}, {"_type": "tag", "name": "definition", "path": "/home/kavia/workspace/code-generation/chess-mastery-platform-309890-309901/backend_express/swagger.js", "pattern": "/^  definition: {$/", "language": "JavaScript", "kind": "class", "scope": "options", "scopeKind": "class"}, {"_type": "tag", "name": "description", "path": "/home/kavia/workspace/code-generation/chess-mastery-platform-309890-309901/backend_express/swagger.js", "pattern": "/^      description:$/", "language": "JavaScript", "kind": "property", "scope": "options.definition.info", "scopeKind": "class"}, {"_type": "tag", "name": "info", "path": "/home/kavia/workspace/code-generation/chess-mastery-platform-309890-309901/backend_express/swagger.js", "pattern": "/^    info: {$/", "language": "JavaScript", "kind": "class", "scope": "options.definition", "scopeKind": "class"}, {"_type": "tag", "name": "openapi", "path": "/home/kavia/workspace/code-generation/chess-mastery-platform-309890-309901/backend_express/swagger.js", "pattern": "/^    openapi: '3.0.0',$/", "language": "JavaScript", "kind": "property", "scope": "options.definition", "scopeKind": "class"}, {"_type": "tag", "name": "options", "path": "/home/kavia/workspace/code-generation/chess-mastery-platform-309890-309901/backend_express/swagger.js", "pattern": "/^const options = {$/", "language": "JavaScript", "kind": "class"}, {"_type": "tag", "name": "path", "path": "/home/kavia/workspace/code-generation/chess-mastery-platform-309890-309901/backend_express/swagger.js", "pattern": "/^swaggerSpec['x-ws'] = { path: cfg.wsPath };$/", "language": "JavaScript", "kind": "property", "scope": "swaggerSpec", "scopeKind": "class"}, {"_type": "tag", "name": "swaggerJSDoc", "path": "/home/kavia/workspace/code-generation/chess-mastery-platform-309890-309901/backend_express/swagger.js", "pattern": "/^const swaggerJSDoc = require('swagger-jsdoc');$/", "language": "JavaScript", "kind": "constant"}, {"_type": "tag", "name": "swaggerSpec", "path": "/home/kavia/workspace/code-generation/chess-mastery-platform-309890-309901/backend_express/swagger.js", "pattern": "/^const swaggerSpec = swaggerJSDoc(options);$/", "language": "JavaScript", "kind": "constant"}, {"_type": "tag", "name": "swaggerSpec", "path": "/home/kavia/workspace/code-generation/chess-mastery-platform-309890-309901/backend_express/swagger.js", "pattern": "/^swaggerSpec['x-ws'] = { path: cfg.wsPath };$/", "language": "JavaScript", "kind": "class"}, {"_type": "tag", "name": "title", "path": "/home/kavia/workspace/code-generation/chess-mastery-platform-309890-309901/backend_express/swagger.js", "pattern": "/^      title: 'Chess Mastery Platform API',$/", "language": "JavaScript", "kind": "property", "scope": "options.definition.info", "scopeKind": "class"}, {"_type": "tag", "name": "version", "path": "/home/kavia/workspace/code-generation/chess-mastery-platform-309890-309901/backend_express/swagger.js", "pattern": "/^      version: '1.0.0',$/", "language": "JavaScript", "kind": "property", "scope": "options.definition.info", "scopeKind": "class"}], "hash": "db836e0be351d2c84a0e0145fcdcea85", "format-version": 4, "code-base-name": "backend_express", "filename": "backend_express/swagger.js", "fields": [{"name": "apis: ['.\\/src\\/routes\\/*.js'],", "scope": "options", "scopeKind": "class", "description": "unavailable"}, {"name": "description:", "scope": "options.definition.info", "scopeKind": "class", "description": "unavailable"}, {"name": "openapi: '3.0.0',", "scope": "options.definition", "scopeKind": "class", "description": "unavailable"}, {"name": "swaggerSpec['x-ws'] = { path: cfg.wsPath };", "scope": "swaggerSpec", "scopeKind": "class", "description": "unavailable"}, {"name": "title: 'Chess Mastery Platform API',", "scope": "options.definition.info", "scopeKind": "class", "description": "unavailable"}, {"name": "version: '1.0.0',", "scope": "options.definition.info", "scopeKind": "class", "description": "unavailable"}]}