{"is_source_file": true, "format": "JavaScript (Node.js, Express)", "description": "This file defines an Express router handling the root URL ('/') for a health check endpoint, utilizing a healthController to respond to GET requests and providing Swagger documentation for the endpoint.", "external_files": ["../controllers/health"], "external_methods": ["healthController.check"], "published": ["router"], "classes": [], "methods": [{"name": "router.get", "description": "Defines a GET route at '/' that invokes healthController.check with correct binding."}], "calls": ["express.Router", "healthController.check.bind"], "search-terms": ["health endpoint", "Express router", "healthController", "Swagger", "Node.js"], "state": 2, "file_id": 8, "knowledge_revision": 20, "git_revision": "6c1a3ea69b823fa96f4b3ca654bb2205b98dbe9a", "ctags": [{"_type": "tag", "name": "express", "path": "/home/kavia/workspace/code-generation/chess-mastery-platform-309890-309901/backend_express/src/routes/index.js", "pattern": "/^const express = require('express');$/", "language": "JavaScript", "kind": "constant"}, {"_type": "tag", "name": "healthController", "path": "/home/kavia/workspace/code-generation/chess-mastery-platform-309890-309901/backend_express/src/routes/index.js", "pattern": "/^const healthController = require('..\\/controllers\\/health');$/", "language": "JavaScript", "kind": "constant"}, {"_type": "tag", "name": "router", "path": "/home/kavia/workspace/code-generation/chess-mastery-platform-309890-309901/backend_express/src/routes/index.js", "pattern": "/^const router = express.Router();$/", "language": "JavaScript", "kind": "constant"}], "hash": "65440e156977076adec2544b5e71e9b6", "format-version": 4, "code-base-name": "backend_express", "filename": "backend_express/src/routes/index.js", "revision_history": [{"20": "6c1a3ea69b823fa96f4b3ca654bb2205b98dbe9a"}]}