{"is_source_file": true, "format": "JavaScript", "description": "This file defines middleware for Express.js that enforces JWT-based authentication on incoming requests. It verifies the Bearer token, decodes it using verifyJwt, and attaches the decoded user information to the request object.", "external_files": ["../auth/auth"], "external_methods": ["verifyJwt"], "published": ["requireAuth"], "classes": [], "methods": [{"name": "requireAuth(req, res, next)", "description": "Express middleware that requires a valid Bearer token, verifies it, and attaches user info to the request object.", "scope": "", "scopeKind": ""}], "calls": ["verifyJwt"], "search-terms": ["middleware", "auth", "JWT", "Express.js", "Bearer token"], "state": 2, "file_id": 16, "knowledge_revision": 49, "git_revision": "", "ctags": [{"_type": "tag", "name": "requireAuth", "path": "/home/kavia/workspace/code-generation/chess-mastery-platform-309890-309901/backend_express/src/middleware/auth.js", "pattern": "/^function requireAuth(req, res, next) {$/", "language": "JavaScript", "kind": "function", "signature": "(req, res, next)"}, {"_type": "tag", "name": "requireAuth", "path": "/home/kavia/workspace/code-generation/chess-mastery-platform-309890-309901/backend_express/src/middleware/auth.js", "pattern": "/^module.exports = { requireAuth };$/", "language": "JavaScript", "kind": "field", "scope": "module.exports", "scopeKind": "class"}], "hash": "cd9afdc4c99448fa5f15ac6859924de3", "format-version": 4, "code-base-name": "backend_express", "filename": "backend_express/src/middleware/auth.js", "fields": [{"name": "module.exports = { requireAuth };", "scope": "module.exports", "scopeKind": "class", "description": "unavailable"}], "revision_history": [{"49": ""}]}