{"is_source_file": true, "format": "JavaScript", "description": "This file defines a function to compute the Elo rating change (delta) for a player based on their current rating, opponent's rating, game score, and an optional K-factor. It exports the function for external use.", "external_files": [], "external_methods": [], "published": ["computeEloDelta"], "classes": [], "methods": [{"name": "computeEloDelta(ratingA, ratingB, scoreA, k = 32)", "description": "Calculates the change in Elo rating for a player after a game using the expected score and K-factor.", "scope": "", "scopeKind": ""}], "calls": ["Math.round", "Math.pow"], "search-terms": ["Elo", "computeEloDelta", "rating", "delta", "chess ratings", "ELO calculation"], "state": 2, "file_id": 19, "knowledge_revision": 51, "git_revision": "", "ctags": [{"_type": "tag", "name": "computeEloDelta", "path": "/home/kavia/workspace/code-generation/chess-mastery-platform-309890-309901/backend_express/src/ratings/elo.js", "pattern": "/^function computeEloDelta(ratingA, ratingB, scoreA, k = 32) {$/", "language": "JavaScript", "kind": "function", "signature": "(ratingA, ratingB, scoreA, k = 32)"}, {"_type": "tag", "name": "computeEloDelta", "path": "/home/kavia/workspace/code-generation/chess-mastery-platform-309890-309901/backend_express/src/ratings/elo.js", "pattern": "/^module.exports = { computeEloDelta };$/", "language": "JavaScript", "kind": "field", "scope": "module.exports", "scopeKind": "class"}], "hash": "653d0b5c8b8d8c5156875f68d6d7011c", "format-version": 4, "code-base-name": "backend_express", "filename": "backend_express/src/ratings/elo.js", "fields": [{"name": "module.exports = { computeEloDelta };", "scope": "module.exports", "scopeKind": "class", "description": "unavailable"}], "revision_history": [{"51": ""}]}