{"is_source_file": true, "format": "JavaScript", "description": "This file provides a configuration function `getConfig` that reads environment variables to generate runtime configuration settings for a backend server, including database connection info, server port, security secrets, CORS settings, WebSocket path, and proxy trust configuration.", "external_files": ["assert"], "external_methods": ["assert"], "published": ["getConfig"], "classes": [], "methods": [{"name": "getConfig()", "description": "Retrieves runtime configuration based on environment variables, setting defaults where necessary and validating required variables.", "scope": "", "scopeKind": ""}], "calls": ["assert", "process.env", "String", "Number"], "search-terms": ["configuration", "env vars", "CORS_ORIGINS", "JWT_SECRET", "POSTGRES_URL", "sessionSecret", "wsPath", "getConfig"], "state": 2, "file_id": 13, "knowledge_revision": 68, "git_revision": "a73f0c6fde913bd675071cf0380cb5256d955c43", "revision_history": [{"46": ""}, {"68": "a73f0c6fde913bd675071cf0380cb5256d955c43"}], "ctags": [{"_type": "tag", "name": "assert", "path": "/home/kavia/workspace/code-generation/chess-mastery-platform-309890-309901/backend_express/src/config.js", "pattern": "/^const assert = require('assert');$/", "language": "JavaScript", "kind": "constant"}, {"_type": "tag", "name": "getConfig", "path": "/home/kavia/workspace/code-generation/chess-mastery-platform-309890-309901/backend_express/src/config.js", "pattern": "/^function getConfig() {$/", "language": "JavaScript", "kind": "function", "signature": "()"}, {"_type": "tag", "name": "getConfig", "path": "/home/kavia/workspace/code-generation/chess-mastery-platform-309890-309901/backend_express/src/config.js", "pattern": "/^module.exports = { getConfig };$/", "language": "JavaScript", "kind": "field", "scope": "module.exports", "scopeKind": "class"}], "hash": "98c4f720229c7d808b3ddf6ce46bb925", "format-version": 4, "code-base-name": "backend_express", "filename": "backend_express/src/config.js", "fields": [{"name": "module.exports = { getConfig };", "scope": "module.exports", "scopeKind": "class", "description": "unavailable"}]}