{"is_source_file": true, "format": "JavaScript", "description": "This file initializes and starts an HTTP server using an Express application, setting up environment variables, listening on a specified port and host, and handling graceful shutdown on SIGTERM signal.", "external_files": ["./app"], "external_methods": ["app.listen", "process.on", "server.close", "process.exit"], "published": ["server"], "classes": [], "methods": [{"name": "app.listen", "description": "Starts the Express server on specified port and host."}, {"name": "process.on", "description": "Registers an event listener for process signals such as SIGTERM."}, {"name": "server.close", "description": "Closes the HTTP server gracefully."}, {"name": "process.exit", "description": "Terminates the process after server closure."}], "calls": ["app.listen", "console.log", "process.on", "server.close", "process.exit"], "search-terms": ["server initialization", "Express server", "graceful shutdown", "SIGTERM handler", "backend server"], "state": 2, "file_id": 5, "knowledge_revision": 19, "git_revision": "6c1a3ea69b823fa96f4b3ca654bb2205b98dbe9a", "ctags": [{"_type": "tag", "name": "HOST", "path": "/home/kavia/workspace/code-generation/chess-mastery-platform-309890-309901/backend_express/src/server.js", "pattern": "/^const HOST = process.env.HOST || '0.0.0.0';$/", "language": "JavaScript", "kind": "constant"}, {"_type": "tag", "name": "PORT", "path": "/home/kavia/workspace/code-generation/chess-mastery-platform-309890-309901/backend_express/src/server.js", "pattern": "/^const PORT = process.env.PORT || 3000;$/", "language": "JavaScript", "kind": "constant"}, {"_type": "tag", "name": "app", "path": "/home/kavia/workspace/code-generation/chess-mastery-platform-309890-309901/backend_express/src/server.js", "pattern": "/^const app = require('.\\/app');$/", "language": "JavaScript", "kind": "constant"}, {"_type": "tag", "name": "server", "path": "/home/kavia/workspace/code-generation/chess-mastery-platform-309890-309901/backend_express/src/server.js", "pattern": "/^const server = app.listen(PORT, HOST, () => {$/", "language": "JavaScript", "kind": "constant"}], "hash": "e5d7d8ed0764ea86a77b8fe15cd2b83e", "format-version": 4, "code-base-name": "backend_express", "filename": "backend_express/src/server.js", "revision_history": [{"19": "6c1a3ea69b823fa96f4b3ca654bb2205b98dbe9a"}]}