{"is_source_file": true, "format": "JavaScript (Node.js/Express)", "description": "This file initializes and configures an Express.js server application, setting up middleware for CORS, Swagger UI documentation, JSON parsing, routing, and error handling.", "external_files": ["./routes", "../swagger"], "external_methods": ["swaggerUi.serve", "swaggerUi.setup"], "published": ["app"], "classes": [], "methods": [{"name": "app.use", "description": "Sets up middleware for CORS, Swagger UI, JSON body parsing, routing, and error handling."}], "calls": ["require('cors')", "require('express')", "require('./routes')", "require('../swagger')", "swaggerUi.serve", "swaggerUi.setup", "app.use", "app.set", "req.get", "req.protocol", "req.socket.localPort", "req.secure", "console.error"], "search-terms": ["express app initialization", "Swagger UI setup", "CORS middleware", "routing setup", "error handling middleware", "app.js"], "state": 2, "file_id": 10, "knowledge_revision": 22, "git_revision": "6c1a3ea69b823fa96f4b3ca654bb2205b98dbe9a", "ctags": [{"_type": "tag", "name": "app", "path": "/home/kavia/workspace/code-generation/chess-mastery-platform-309890-309901/backend_express/src/app.js", "pattern": "/^const app = express();$/", "language": "JavaScript", "kind": "constant"}, {"_type": "tag", "name": "cors", "path": "/home/kavia/workspace/code-generation/chess-mastery-platform-309890-309901/backend_express/src/app.js", "pattern": "/^const cors = require('cors');$/", "language": "JavaScript", "kind": "constant"}, {"_type": "tag", "name": "express", "path": "/home/kavia/workspace/code-generation/chess-mastery-platform-309890-309901/backend_express/src/app.js", "pattern": "/^const express = require('express');$/", "language": "JavaScript", "kind": "constant"}, {"_type": "tag", "name": "routes", "path": "/home/kavia/workspace/code-generation/chess-mastery-platform-309890-309901/backend_express/src/app.js", "pattern": "/^const routes = require('.\\/routes');$/", "language": "JavaScript", "kind": "constant"}, {"_type": "tag", "name": "swaggerSpec", "path": "/home/kavia/workspace/code-generation/chess-mastery-platform-309890-309901/backend_express/src/app.js", "pattern": "/^const swaggerSpec = require('..\\/swagger');$/", "language": "JavaScript", "kind": "constant"}, {"_type": "tag", "name": "swaggerUi", "path": "/home/kavia/workspace/code-generation/chess-mastery-platform-309890-309901/backend_express/src/app.js", "pattern": "/^const swaggerUi = require('swagger-ui-express');$/", "language": "JavaScript", "kind": "constant"}], "hash": "5df3172f6e958a99d255956f667b1de4", "format-version": 4, "code-base-name": "backend_express", "filename": "backend_express/src/app.js", "revision_history": [{"22": "6c1a3ea69b823fa96f4b3ca654bb2205b98dbe9a"}]}