{"is_source_file": false, "format": "", "description": "", "external_files": [], "external_methods": [], "published": [], "classes": [], "methods": [], "calls": [], "search-terms": [], "state": 2, "file_id": 4, "knowledge_revision": 16, "git_revision": "6c1a3ea69b823fa96f4b3ca654bb2205b98dbe9a", "hash": "68e883b7c082fe5b18ee688ed067dd49", "format-version": 4, "code-base-name": "backend_express", "filename": "backend_express/nodemon.json", "revision_history": [{"16": "6c1a3ea69b823fa96f4b3ca654bb2205b98dbe9a"}]}