{"is_source_file": true, "format": "JavaScript", "description": "This file defines a LeaderboardsController class with methods to fetch top leaderboard entries and recent games, handling HTTP requests and responses for a chess platform backend.", "external_files": ["../db/pool"], "external_methods": ["query"], "published": ["LeaderboardsController"], "classes": [{"name": "LeaderboardsController", "description": "Controller class managing leaderboard-related HTTP endpoints, including retrieving top players and recent games."}], "methods": [{"name": "top(req, res, next)", "description": "Fetches the top players from the leaderboard with an optional limit, returning user info and ratings.", "scope": "LeaderboardsController", "scopeKind": "class"}, {"name": "recent(req, res, next)", "description": "Fetches recent games with details about game status, players, and timestamps, limited by a specified number.", "scope": "LeaderboardsController", "scopeKind": "class"}], "calls": ["query", "res.status", "res.json", "next"], "search-terms": ["leaderboards", "Top", "recent", "games", "ranking", "controller"], "state": 2, "file_id": 26, "knowledge_revision": 58, "git_revision": "", "ctags": [{"_type": "tag", "name": "LeaderboardsController", "path": "/home/kavia/workspace/code-generation/chess-mastery-platform-309890-309901/backend_express/src/controllers/leaderboards.js", "pattern": "/^class LeaderboardsController {$/", "language": "JavaScript", "kind": "class"}, {"_type": "tag", "name": "exports", "path": "/home/kavia/workspace/code-generation/chess-mastery-platform-309890-309901/backend_express/src/controllers/leaderboards.js", "pattern": "/^module.exports = new LeaderboardsController();$/", "language": "JavaScript", "kind": "variable", "scope": "module", "scopeKind": "class"}, {"_type": "tag", "name": "recent", "path": "/home/kavia/workspace/code-generation/chess-mastery-platform-309890-309901/backend_express/src/controllers/leaderboards.js", "pattern": "/^  async recent(req, res, next) {$/", "language": "JavaScript", "kind": "method", "signature": "(req, res, next)", "scope": "LeaderboardsController", "scopeKind": "class"}, {"_type": "tag", "name": "top", "path": "/home/kavia/workspace/code-generation/chess-mastery-platform-309890-309901/backend_express/src/controllers/leaderboards.js", "pattern": "/^  async top(req, res, next) {$/", "language": "JavaScript", "kind": "method", "signature": "(req, res, next)", "scope": "LeaderboardsController", "scopeKind": "class"}], "hash": "ee3cb10c40a711ae90c10669a6f3b42f", "format-version": 4, "code-base-name": "backend_express", "filename": "backend_express/src/controllers/leaderboards.js", "fields": [{"name": "module.exports = new LeaderboardsController();", "scope": "module", "scopeKind": "class", "description": "unavailable"}], "revision_history": [{"58": ""}]}