{"is_source_file": true, "format": "JavaScript (Node.js/Express)", "description": "This file defines a controller class for handling history-related API requests in a chess management platform. It includes a method to retrieve a list of games played by a user, querying the database for relevant game data, including game status, timestamps, winners, players' usernames, and move counts.", "external_files": ["../db/pool"], "external_methods": ["query"], "published": ["new HistoryController()"], "classes": [{"name": "HistoryController", "description": "Controller class responsible for handling history-related API endpoints, including fetching a user's game history."}], "methods": [{"name": "myGames(req, res, next)", "description": "Asynchronous method that retrieves paginated list of games involving the authenticated user from the database.", "scope": "HistoryController", "scopeKind": "class"}], "calls": ["query"], "search-terms": ["HistoryController", "myGames", "game history", "user's games", "SQL game query", "game move count"], "state": 2, "file_id": 27, "knowledge_revision": 59, "git_revision": "", "ctags": [{"_type": "tag", "name": "HistoryController", "path": "/home/kavia/workspace/code-generation/chess-mastery-platform-309890-309901/backend_express/src/controllers/history.js", "pattern": "/^class HistoryController {$/", "language": "JavaScript", "kind": "class"}, {"_type": "tag", "name": "exports", "path": "/home/kavia/workspace/code-generation/chess-mastery-platform-309890-309901/backend_express/src/controllers/history.js", "pattern": "/^module.exports = new HistoryController();$/", "language": "JavaScript", "kind": "variable", "scope": "module", "scopeKind": "class"}, {"_type": "tag", "name": "myGames", "path": "/home/kavia/workspace/code-generation/chess-mastery-platform-309890-309901/backend_express/src/controllers/history.js", "pattern": "/^  async myGames(req, res, next) {$/", "language": "JavaScript", "kind": "method", "signature": "(req, res, next)", "scope": "HistoryController", "scopeKind": "class"}], "hash": "1ad9eb45fbe1da3736bd033ce5e5559f", "format-version": 4, "code-base-name": "backend_express", "filename": "backend_express/src/controllers/history.js", "fields": [{"name": "module.exports = new HistoryController();", "scope": "module", "scopeKind": "class", "description": "unavailable"}], "revision_history": [{"59": ""}]}