{"is_source_file": true, "format": "JavaScript (Node.js)", "description": "This is a server entry point file for a Node.js backend application. It sets up environment variables, starts an HTTP server, attaches a WebSocket server, and handles graceful shutdown.", "external_files": ["./app", "./config", "./ws/hub"], "external_methods": ["getConfig", "createWebSocketServer"], "published": ["server"], "classes": [], "methods": [{"name": "getConfig", "description": "Retrieves the application configuration, including host, port, and WebSocket path."}, {"name": "createWebSocketServer", "description": "Initializes and attaches a WebSocket server to the existing HTTP server."}], "calls": ["dotenv.config()", "app.listen", "createWebSocketServer", "process.on", "server.close", "process.exit"], "search-terms": ["server initialization", "WebSocket setup", "graceful shutdown", "dotenv", "HTTP server"], "state": 2, "file_id": 5, "knowledge_revision": 63, "git_revision": "6c1a3ea69b823fa96f4b3ca654bb2205b98dbe9a", "revision_history": [{"19": "6c1a3ea69b823fa96f4b3ca654bb2205b98dbe9a"}, {"45": "6c1a3ea69b823fa96f4b3ca654bb2205b98dbe9a"}, {"63": "6c1a3ea69b823fa96f4b3ca654bb2205b98dbe9a"}], "ctags": [{"_type": "tag", "name": "app", "path": "/home/kavia/workspace/code-generation/chess-mastery-platform-309890-309901/backend_express/src/server.js", "pattern": "/^const app = require('.\\/app');$/", "language": "JavaScript", "kind": "constant"}, {"_type": "tag", "name": "cfg", "path": "/home/kavia/workspace/code-generation/chess-mastery-platform-309890-309901/backend_express/src/server.js", "pattern": "/^const cfg = getConfig();$/", "language": "JavaScript", "kind": "constant"}, {"_type": "tag", "name": "dotenv", "path": "/home/kavia/workspace/code-generation/chess-mastery-platform-309890-309901/backend_express/src/server.js", "pattern": "/^const dotenv = require('dotenv');$/", "language": "JavaScript", "kind": "constant"}, {"_type": "tag", "name": "server", "path": "/home/kavia/workspace/code-generation/chess-mastery-platform-309890-309901/backend_express/src/server.js", "pattern": "/^const server = app.listen(cfg.port, cfg.host, () => {$/", "language": "JavaScript", "kind": "constant"}], "hash": "460cfaec930c112c61bdb781fdfc50d5", "format-version": 4, "code-base-name": "backend_express", "filename": "backend_express/src/server.js"}