{"is_source_file": true, "format": "JavaScript", "description": "This file generates an OpenAPI specification in JSON format and writes it to a file in the interfaces directory.", "external_files": ["./swagger"], "external_methods": ["require", "path.join", "fs.existsSync", "fs.mkdirSync", "fs.writeFileSync", "JSON.stringify"], "published": [], "classes": [], "methods": [{"name": "none", "description": "This script does not define functions or classes; it executes procedural code to generate and write the OpenAPI JSON."}], "calls": ["require", "path.join", "fs.existsSync", "fs.mkdirSync", "fs.writeFileSync", "JSON.stringify"], "search-terms": ["generate_openapi.js", "OpenAPI", "swaggerSpec", "writeFileSync", "interfaces directory"], "state": 2, "file_id": 3, "knowledge_revision": 18, "git_revision": "6c1a3ea69b823fa96f4b3ca654bb2205b98dbe9a", "ctags": [{"_type": "tag", "name": "fs", "path": "/home/kavia/workspace/code-generation/chess-mastery-platform-309890-309901/backend_express/generate_openapi.js", "pattern": "/^const fs = require('fs');$/", "language": "JavaScript", "kind": "constant"}, {"_type": "tag", "name": "outputDir", "path": "/home/kavia/workspace/code-generation/chess-mastery-platform-309890-309901/backend_express/generate_openapi.js", "pattern": "/^const outputDir = path.join(__dirname, 'interfaces');$/", "language": "JavaScript", "kind": "constant"}, {"_type": "tag", "name": "outputPath", "path": "/home/kavia/workspace/code-generation/chess-mastery-platform-309890-309901/backend_express/generate_openapi.js", "pattern": "/^const outputPath = path.join(outputDir, 'openapi.json');$/", "language": "JavaScript", "kind": "constant"}, {"_type": "tag", "name": "path", "path": "/home/kavia/workspace/code-generation/chess-mastery-platform-309890-309901/backend_express/generate_openapi.js", "pattern": "/^const path = require('path');$/", "language": "JavaScript", "kind": "constant"}, {"_type": "tag", "name": "swaggerSpec", "path": "/home/kavia/workspace/code-generation/chess-mastery-platform-309890-309901/backend_express/generate_openapi.js", "pattern": "/^const swaggerSpec = require('.\\/swagger');$/", "language": "JavaScript", "kind": "constant"}], "hash": "55a8452439ff8971a692025b12dc20dc", "format-version": 4, "code-base-name": "backend_express", "filename": "backend_express/generate_openapi.js", "revision_history": [{"18": "6c1a3ea69b823fa96f4b3ca654bb2205b98dbe9a"}]}